{"name":"aa026a8e-588c-46b5-ad9a-90e08485ca02","id":"/providers/Microsoft.Flow/flows/aa026a8e-588c-46b5-ad9a-90e08485ca02","type":"Microsoft.Flow/flows","properties":{"apiId":"/providers/Microsoft.PowerApps/apis/shared_logicflows","displayName":"ConvertCSVtoXLSX","definition":{"metadata":{"workflowEntityId":null,"processAdvisorMetadata":null,"flowChargedByPaygo":null,"flowclientsuspensionreason":"None","flowclientsuspensiontime":null,"flowclientsuspensionreasondetails":"","creator":{"id":"74abd147-39f3-432a-b8ac-74d0206217eb","type":"User","tenantId":"6771021d-e38d-4a48-a990-96e066f607cc"},"provisioningMethod":"FromDefinition","failureAlertSubscription":true,"clientLastModifiedTime":"2023-05-30T09:07:17.1844684Z"},"$schema":"https://schema.management.azure.com/providers/Microsoft.Logic/schemas/2016-06-01/workflowdefinition.json#","contentVersion":"1.0.0.0","parameters":{"$connections":{"defaultValue":{},"type":"Object"},"$authentication":{"defaultValue":{},"type":"SecureObject"}},"triggers":{"When_a_file_is_created":{"recurrence":{"frequency":"Minute","interval":1},"metadata":{"b!pJljpvWu4kaMY3-mTAsErC3_3qJRa5FDs91ETaop1tBQVHzvt_iuQKhUUq2k_mBL.01LX35522UO6EAOPCWHZG3PQU37H7PNN5Z":"/convert-csv-example","operationMetadataId":"79f73a80-2b8e-4866-8e5b-2c576bde182e"},"type":"OpenApiConnection","inputs":{"host":{"apiId":"/providers/Microsoft.PowerApps/apis/shared_onedriveforbusiness","connectionName":"shared_onedriveforbusiness","operationId":"OnNewFileV2"},"parameters":{"folderId":"b!pJljpvWu4kaMY3-mTAsErC3_3qJRa5FDs91ETaop1tBQVHzvt_iuQKhUUq2k_mBL.01LX35522UO6EAOPCWHZG3PQU37H7PNN5Z","includeSubfolders":false,"inferContentType":true},"authentication":"@parameters('$authentication')"}}},"actions":{"Get_Excel_Template":{"runAfter":{},"metadata":{"b!pJljpvWu4kaMY3-mTAsErC3_3qJRa5FDs91ETaop1tBQVHzvt_iuQKhUUq2k_mBL.01LX35526BL76FUTZUDBH32E37QOWSLGCR":"/convert-csv-example/Template.xlsx","operationMetadataId":"22715fa6-701d-46b8-a393-5c00f91993d6"},"type":"OpenApiConnection","inputs":{"host":{"apiId":"/providers/Microsoft.PowerApps/apis/shared_onedriveforbusiness","connectionName":"shared_onedriveforbusiness","operationId":"GetFileContent"},"parameters":{"id":"b!pJljpvWu4kaMY3-mTAsErC3_3qJRa5FDs91ETaop1tBQVHzvt_iuQKhUUq2k_mBL.01LX35526BL76FUTZUDBH32E37QOWSLGCR","inferContentType":true},"authentication":"@parameters('$authentication')"}},"List_files_in_folder":{"runAfter":{"Get_Excel_Template":["Succeeded"]},"metadata":{"b!pJljpvWu4kaMY3-mTAsErC3_3qJRa5FDs91ETaop1tBQVHzvt_iuQKhUUq2k_mBL.01LX35522UO6EAOPCWHZG3PQU37H7PNN5Z":"/convert-csv-example","operationMetadataId":"1bddc37c-2a2c-4684-937b-f33791acd3a4"},"type":"OpenApiConnection","inputs":{"host":{"apiId":"/providers/Microsoft.PowerApps/apis/shared_onedriveforbusiness","connectionName":"shared_onedriveforbusiness","operationId":"ListFolderV2"},"parameters":{"id":"b!pJljpvWu4kaMY3-mTAsErC3_3qJRa5FDs91ETaop1tBQVHzvt_iuQKhUUq2k_mBL.01LX35522UO6EAOPCWHZG3PQU37H7PNN5Z"},"authentication":"@parameters('$authentication')"}},"Apply_to_each":{"foreach":"@outputs('List_files_in_folder')?['body/value']","actions":{"Condition":{"actions":{"Get_.csv_file":{"runAfter":{},"metadata":{"operationMetadataId":"be38238a-bbad-4ce6-96cc-143818920710"},"type":"OpenApiConnection","inputs":{"host":{"apiId":"/providers/Microsoft.PowerApps/apis/shared_onedriveforbusiness","connectionName":"shared_onedriveforbusiness","operationId":"GetFileContent"},"parameters":{"id":"@items('Apply_to_each')?['Id']","inferContentType":true},"authentication":"@parameters('$authentication')"}},"Create_file":{"runAfter":{"Get_.csv_file":["Succeeded"]},"metadata":{"operationMetadataId":"946880c1-c5a5-4d8d-ba58-c6c7320cddb3"},"type":"OpenApiConnection","inputs":{"host":{"apiId":"/providers/Microsoft.PowerApps/apis/shared_onedriveforbusiness","connectionName":"shared_onedriveforbusiness","operationId":"CreateFile"},"parameters":{"folderPath":"/convert-csv-example","name":"@{items('Apply_to_each')?['NameNoExt']}.xlsx","body":"@body('Get_Excel_Template')"},"authentication":"@parameters('$authentication')"},"runtimeConfiguration":{"contentTransfer":{"transferMode":"Chunked"}}},"Run_script":{"runAfter":{"Create_file":["Succeeded"]},"metadata":{"operationMetadataId":"dccd12b3-efbe-4a96-8411-7c6ed790877e","tableId":null},"type":"OpenApiConnection","inputs":{"host":{"apiId":"/providers/Microsoft.PowerApps/apis/shared_excelonlinebusiness","connectionName":"shared_excelonlinebusiness","operationId":"RunScriptProd"},"parameters":{"source":"me","drive":"b!pJljpvWu4kaMY3-mTAsErC3_3qJRa5FDs91ETaop1tBQVHzvt_iuQKhUUq2k_mBL","file":"@outputs('Create_file')?['body/Id']","scriptId":"ms-officescript%3A%2F%2Fonedrive_business_itemlink%2F01LX3552YCBSS52DIIKBBJD5QJCNNB57BH","ScriptParameters/csv":"@body('Get_.csv_file')"},"authentication":"@parameters('$authentication')"}},"Delay":{"runAfter":{"Run_script":["Succeeded"]},"metadata":{"operationMetadataId":"5c8975c9-aa0e-443e-b814-2e99e76d9ff7"},"type":"Wait","inputs":{"interval":{"count":2,"unit":"Minute"}}},"Get_file_content":{"runAfter":{"Delay":["Succeeded"]},"metadata":{"operationMetadataId":"c68f16ab-1c21-4bfd-9231-3fdc957ce7c8"},"type":"OpenApiConnection","inputs":{"host":{"apiId":"/providers/Microsoft.PowerApps/apis/shared_onedriveforbusiness","connectionName":"shared_onedriveforbusiness","operationId":"GetFileContent"},"parameters":{"id":"@outputs('Create_file')?['body/Id']","inferContentType":true},"authentication":"@parameters('$authentication')"}},"Send_an_email_(V2)":{"runAfter":{"Get_file_content":["Succeeded"]},"metadata":{"operationMetadataId":"aacfac92-b16a-40be-80ca-738beb6d7827"},"type":"OpenApiConnection","inputs":{"host":{"apiId":"/providers/Microsoft.PowerApps/apis/shared_office365","connectionName":"shared_office365_1","operationId":"SendEmailV2"},"parameters":{"emailMessage/To":"dojoniyi@oxgene.com","emailMessage/Subject":"Timesheet","emailMessage/Body":"<p>Hello,<br>\nFind attached new timesheet information</p>","emailMessage/Attachments":[{"Name":"@outputs('Create_file')?['body/Name']","ContentBytes":"@body('Get_file_content')"}],"emailMessage/Importance":"Normal"},"authentication":"@parameters('$authentication')"}},"List_files_in_folder_2":{"runAfter":{"Send_an_email_(V2)":["Succeeded"]},"metadata":{"b!pJljpvWu4kaMY3-mTAsErC3_3qJRa5FDs91ETaop1tBQVHzvt_iuQKhUUq2k_mBL.01LX355236AJOYOX25B5DZ65D5MUTHAXFA":"/Timesheet Repo","operationMetadataId":"cbaf1741-7579-4317-acd1-c16e9eea2ffb"},"type":"OpenApiConnection","inputs":{"host":{"apiId":"/providers/Microsoft.PowerApps/apis/shared_onedriveforbusiness","connectionName":"shared_onedriveforbusiness","operationId":"ListFolderV2"},"parameters":{"id":"b!pJljpvWu4kaMY3-mTAsErC3_3qJRa5FDs91ETaop1tBQVHzvt_iuQKhUUq2k_mBL.01LX355236AJOYOX25B5DZ65D5MUTHAXFA"},"authentication":"@parameters('$authentication')"}},"Apply_to_each_2":{"foreach":"@outputs('List_files_in_folder_2')?['body/value']","actions":{"Move_or_rename_a_file_using_path":{"runAfter":{},"metadata":{"operationMetadataId":"57e348b0-5c06-47b2-b849-008db372c3c7"},"type":"OpenApiConnection","inputs":{"host":{"apiId":"/providers/Microsoft.PowerApps/apis/shared_onedriveforbusiness","connectionName":"shared_onedriveforbusiness","operationId":"MoveFileByPath"},"parameters":{"source":"@outputs('Create_file')?['body/Path']","destination":"@items('Apply_to_each_2')?['Path']","overwrite":false},"authentication":"@parameters('$authentication')"}}},"runAfter":{"List_files_in_folder_2":["Succeeded"]},"metadata":{"operationMetadataId":"46459b39-5826-4bcd-b971-47512ddca624"},"type":"Foreach"}},"runAfter":{},"expression":{"endsWith":["@items('Apply_to_each')?['Name']",".csv"]},"metadata":{"operationMetadataId":"79e79ce1-76d4-43e3-b849-f3a615679b05"},"type":"If"}},"runAfter":{"List_files_in_folder":["Succeeded"]},"metadata":{"operationMetadataId":"3ed5d0d0-9dab-44d1-b145-325d7a405eff"},"type":"Foreach"}},"outputs":{}},"connectionReferences":{"shared_onedriveforbusiness":{"connectionName":"shared-onedriveforbu-972aa88d-5223-4b97-bae8-9862c7268a9d","source":"Embedded","id":"/providers/Microsoft.PowerApps/apis/shared_onedriveforbusiness","tier":"NotSpecified"},"shared_excelonlinebusiness":{"connectionName":"610503c783164b3699d1fd7ebe2e8f0d","source":"Embedded","id":"/providers/Microsoft.PowerApps/apis/shared_excelonlinebusiness","tier":"NotSpecified"},"shared_office365_1":{"connectionName":"shared-office365-21bcfed0-c652-4bf6-877f-d0d856f1c79f","source":"Embedded","id":"/providers/Microsoft.PowerApps/apis/shared_office365","tier":"NotSpecified"}},"flowFailureAlertSubscribed":false,"isManaged":false}}