{"name":"8c8325ae-af78-4633-9ec1-939f6beb146f","id":"/providers/Microsoft.Flow/flows/8c8325ae-af78-4633-9ec1-939f6beb146f","type":"Microsoft.Flow/flows","properties":{"apiId":"/providers/Microsoft.PowerApps/apis/shared_logicflows","displayName":"FlowTest","definition":{"metadata":{"workflowEntityId":null,"processAdvisorMetadata":null,"flowChargedByPaygo":null,"flowclientsuspensionreason":"None","flowclientsuspensiontime":null,"flowclientsuspensionreasondetails":null,"creator":{"id":"7c200314-11ee-46b5-b34d-757553b14ac3","type":"User","tenantId":"6adf3788-3c2f-4f49-abfe-e1a139352b0b"},"provisioningMethod":"FromDefinition","failureAlertSubscription":true,"clientLastModifiedTime":"2023-08-11T15:10:16.8722097Z"},"$schema":"https://schema.management.azure.com/providers/Microsoft.Logic/schemas/2016-06-01/workflowdefinition.json#","contentVersion":"1.0.0.0","parameters":{"$connections":{"defaultValue":{},"type":"Object"},"$authentication":{"defaultValue":{},"type":"SecureObject"}},"triggers":{"manual":{"metadata":{"operationMetadataId":"c677d051-9379-47b9-adaf-5d648ccc3b1c"},"type":"Request","kind":"PowerAppV2","inputs":{"schema":{"type":"object","properties":{"text":{"title":"folderName","type":"string","x-ms-dynamically-added":true,"description":"Please enter your input","x-ms-content-hint":"TEXT"}},"required":["text"]}}}},"actions":{"Get_files_(properties_only)":{"runAfter":{"Initialize_variable":["Succeeded"]},"metadata":{"operationMetadataId":"764b888e-b63f-4c80-bbed-ae4834a3c632"},"type":"OpenApiConnection","inputs":{"host":{"apiId":"/providers/Microsoft.PowerApps/apis/shared_sharepointonline","connectionName":"shared_sharepointonline","operationId":"GetFileItems"},"parameters":{"dataset":"https://geeksdam.sharepoint.com/sites/Development","table":"2828725b-733e-4dd1-984d-21ab011ebc12","folderPath":"@triggerBody()['text']","viewScopeOption":"RecursiveAll"},"authentication":{"value":"@json(decodeBase64(triggerOutputs().headers['X-MS-APIM-Tokens']))['$ConnectionKey']","type":"Raw"}}},"Initialize_variable":{"runAfter":{},"metadata":{"operationMetadataId":"8553f673-e2e9-48b5-9744-3d62999098c9"},"type":"InitializeVariable","inputs":{"variables":[{"name":"Identifiers","type":"string"}]}},"Respond_to_a_PowerApp_or_flow":{"runAfter":{"Append_to_string_variable":["Succeeded"]},"metadata":{"operationMetadataId":"f306ed6a-818e-4a08-9206-5d8a0dff7fbe"},"type":"Response","kind":"PowerApp","inputs":{"statusCode":200,"body":{"files":"@variables('Identifiers')"},"schema":{"type":"object","properties":{"files":{"title":"files","x-ms-dynamically-added":true,"type":"string"}}}}},"Parse_JSON":{"runAfter":{"Get_files_(properties_only)":["Succeeded"]},"metadata":{"operationMetadataId":"05c0a606-5133-4c24-9fe8-c922fa365cfe"},"type":"ParseJson","inputs":{"content":"@outputs('Get_files_(properties_only)')?['body/value']","schema":{"type":"array","properties":{"statusCode":{"type":"integer"},"headers":{"type":"object","properties":{"Transfer-Encoding":{"type":"string"},"Vary":{"type":"string"},"X-NetworkStatistics":{"type":"string"},"X-SharePointHealthScore":{"type":"string"},"X-MS-SPConnector":{"type":"string"},"X-SP-SERVERSTATE":{"type":"string"},"DATASERVICEVERSION":{"type":"string"},"SPClientServiceRequestDuration":{"type":"string"},"SPRequestDuration":{"type":"string"},"X-DataBoundary":{"type":"string"},"X-1DSCollectorUrl":{"type":"string"},"X-AriaCollectorURL":{"type":"string"},"SPRequestGuid":{"type":"string"},"request-id":{"type":"string"},"MS-CV":{"type":"string"},"Strict-Transport-Security":{"type":"string"},"X-FRAME-OPTIONS":{"type":"string"},"Content-Security-Policy":{"type":"string"},"MicrosoftSharePointTeamServices":{"type":"string"},"X-Content-Type-Options":{"type":"string"},"X-MS-InvokeApp":{"type":"string"},"Timing-Allow-Origin":{"type":"string"},"x-ms-apihub-cached-response":{"type":"string"},"x-ms-apihub-obo":{"type":"string"},"Cache-Control":{"type":"string"},"Date":{"type":"string"},"P3P":{"type":"string"},"X-AspNet-Version":{"type":"string"},"X-Powered-By":{"type":"string"},"Content-Type":{"type":"string"},"Expires":{"type":"string"},"Last-Modified":{"type":"string"},"Content-Length":{"type":"string"}}},"body":{"type":"object","properties":{"value":{"type":"array","items":{"type":"object","properties":{"@@odata.etag":{"type":"string"},"ItemInternalId":{"type":"string"},"ID":{"type":"integer"},"Modified":{"type":"string"},"Editor":{"type":"object","properties":{"@@odata.type":{"type":"string"},"Claims":{"type":"string"},"DisplayName":{"type":"string"},"Email":{"type":"string"},"Picture":{"type":"string"},"Department":{"type":"string"},"JobTitle":{"type":"string"}}},"Editor#Claims":{"type":"string"},"Created":{"type":"string"},"Author":{"type":"object","properties":{"@@odata.type":{"type":"string"},"Claims":{"type":"string"},"DisplayName":{"type":"string"},"Email":{"type":"string"},"Picture":{"type":"string"},"Department":{},"JobTitle":{}}},"Author#Claims":{"type":"string"},"OData__DisplayName":{"type":"string"},"{Identifier}":{"type":"string"},"{IsFolder}":{"type":"boolean"},"{Thumbnail}":{"type":"object","properties":{"Large":{"type":"string"},"Medium":{"type":"string"},"Small":{"type":"string"}}},"{Link}":{"type":"string"},"{Name}":{"type":"string"},"{FilenameWithExtension}":{"type":"string"},"{Path}":{"type":"string"},"{FullPath}":{"type":"string"},"{IsCheckedOut}":{"type":"boolean"},"{VersionNumber}":{"type":"string"}},"required":["@@odata.etag","ItemInternalId","ID","Modified","Editor","Editor#Claims","Created","Author","Author#Claims","OData__DisplayName","{Identifier}","{IsFolder}","{Thumbnail}","{Link}","{Name}","{FilenameWithExtension}","{Path}","{FullPath}","{IsCheckedOut}","{VersionNumber}"]}}}}}}}},"Append_to_string_variable":{"runAfter":{"Create_CSV_table":["Succeeded"]},"metadata":{"operationMetadataId":"eb1abb4b-df12-4f9c-9ed3-78f655cd446d"},"type":"AppendToStringVariable","inputs":{"name":"Identifiers","value":"@body('Create_CSV_table')"}},"Create_CSV_table":{"runAfter":{"Parse_JSON":["Succeeded"]},"metadata":{"operationMetadataId":"5387667b-9235-4480-8ff4-b3e8396ab443"},"type":"Table","inputs":{"from":"@body('Parse_JSON')","format":"CSV","columns":[{"header":"","value":"@{item()?['{identifier}']};"}]}}}},"connectionReferences":{"shared_sharepointonline":{"connectionName":"21d939aa2ae5433c90b894aa9eb242e0","source":"Invoker","id":"/providers/Microsoft.PowerApps/apis/shared_sharepointonline","tier":"NotSpecified"}},"flowFailureAlertSubscribed":false,"isManaged":false}}